
{
    "eyeHeight": 1.4,
    "gravity": -0.00002,
    "fogDensity": 0.005,
    "maximumLoadedChunks": 2197,
    "shadowMapSize": 4096,
    "skyboxRotationSpeed": 0.00002,
    "enableWaterMaterial": false,
    "chunkUnloadSpeed": 10,
    "jumpVelocity": 0.008,
    "initialWorldSize": 3,
    "moveSpeed": 0.004,
    "cameraTargetSpeed": 0.1,
    "cameraRotationSpeed": 0.04,
    "cameraZoomSpeed": 0.02,
    "cameraMaxZ": 10000.0,
    "cameraMinZ": 0.1,
    "cameraFOV": 1.2,
    "cameraMinimumRange": 1.0,
    "cameraMaximumRange": 20.0,
    "cameraHorizontalSensitivity": 0.004,
    "cameraVertialSensitivity": 0.004,
    "pointerHorizontalSensitivity": 0.002,
    "pointerVerticalSensitivity": 0.002,
    "landingVelocityLimit": -0.3,
    "landingDuration": 40
}